{
  "info": {
    "name": "P2P Payment System API",
    "description": "API collection for P2P Payment System",
    "schema": "https://schema.getpostman.com/json/collection/v2.1.0/collection.json"
  },
  "item": [
    {
      "name": "Authentication",
      "item": [
        {
          "name": "Register User",
          "request": {
            "method": "POST",
            "header": [
              {
                "key": "Content-Type",
                "value": "application/json"
              }
            ],
            "body": {
              "mode": "raw",
              "raw": "{\n  \"username\": \"johndoe\",\n  \"password\": \"password123\",\n  \"displayName\": \"John Doe\",\n  \"email\": \"john@example.com\",\n  \"phoneNumber\": \"1234567890\",\n  \"profilePictureUrl\": \"https://example.com/avatar.jpg\"\n}"
            },
            "url": {
              "raw": "{{baseUrl}}/api/auth/register",
              "host": ["{{baseUrl}}"],
              "path": ["api", "auth", "register"]
            }
          }
        },
        {
          "name": "Login User",
          "request": {
            "method": "POST",
            "header": [
              {
                "key": "Content-Type",
                "value": "application/json"
              }
            ],
            "body": {
              "mode": "raw",
              "raw": "{\n  \"username\": \"johndoe\",\n  \"password\": \"password123\"\n}"
            },
            "url": {
              "raw": "{{baseUrl}}/api/auth/login",
              "host": ["{{baseUrl}}"],
              "path": ["api", "auth", "login"]
            }
          }
        }
      ]
    },
    {
      "name": "User Management",
      "item": [
        {
          "name": "Get User Profile",
          "request": {
            "method": "GET",
            "header": [
              {
                "key": "Authorization",
                "value": "Bearer {{token}}"
              }
            ],
            "url": {
              "raw": "{{baseUrl}}/api/users/profile",
              "host": ["{{baseUrl}}"],
              "path": ["api", "users", "profile"]
            }
          }
        },
        {
          "name": "Update User Profile",
          "request": {
            "method": "PUT",
            "header": [
              {
                "key": "Content-Type",
                "value": "application/json"
              },
              {
                "key": "Authorization",
                "value": "Bearer {{token}}"
              }
            ],
            "body": {
              "mode": "raw",
              "raw": "{\n  \"displayName\": \"John Updated\",\n  \"profilePictureUrl\": \"https://example.com/new-avatar.jpg\"\n}"
            },
            "url": {
              "raw": "{{baseUrl}}/api/users/profile",
              "host": ["{{baseUrl}}"],
              "path": ["api", "users", "profile"]
            }
          }
        },
        {
          "name": "Search Users",
          "request": {
            "method": "GET",
            "header": [
              {
                "key": "Authorization",
                "value": "Bearer {{token}}"
              }
            ],
            "url": {
              "raw": "{{baseUrl}}/api/users/search?query=john",
              "host": ["{{baseUrl}}"],
              "path": ["api", "users", "search"],
              "query": [
                {
                  "key": "query",
                  "value": "john"
                }
              ]
            }
          }
        }
      ]
    },
    {
      "name": "Payments",
      "item": [
        {
          "name": "Send Payment",
          "request": {
            "method": "POST",
            "header": [
              {
                "key": "Content-Type",
                "value": "application/json"
              },
              {
                "key": "Authorization",
                "value": "Bearer {{token}}"
              }
            ],
            "body": {
              "mode": "raw",
              "raw": "{\n  \"recipientId\": 2,\n  \"amount\": 100.50,\n  \"notes\": \"Payment for dinner\",\n  \"category\": \"FOOD_DINING\"\n}"
            },
            "url": {
              "raw": "{{baseUrl}}/api/payments",
              "host": ["{{baseUrl}}"],
              "path": ["api", "payments"]
            }
          }
        }
      ]
    },
    {
      "name": "Transactions",
      "item": [
        {
          "name": "Get All Transactions",
          "request": {
            "method": "GET",
            "header": [
              {
                "key": "Authorization",
                "value": "Bearer {{token}}"
              }
            ],
            "url": {
              "raw": "{{baseUrl}}/api/transactions",
              "host": ["{{baseUrl}}"],
              "path": ["api", "transactions"]
            }
          }
        },
        {
          "name": "Get Transactions by Category",
          "request": {
            "method": "GET",
            "header": [
              {
                "key": "Authorization",
                "value": "Bearer {{token}}"
              }
            ],
            "url": {
              "raw": "{{baseUrl}}/api/transactions?category=FOOD_DINING",
              "host": ["{{baseUrl}}"],
              "path": ["api", "transactions"],
              "query": [
                {
                  "key": "category",
                  "value": "FOOD_DINING"
                }
              ]
            }
          }
        },
        {
          "name": "Get Debit Transactions",
          "request": {
            "method": "GET",
            "header": [
              {
                "key": "Authorization",
                "value": "Bearer {{token}}"
              }
            ],
            "url": {
              "raw": "{{baseUrl}}/api/transactions?type=DEBIT",
              "host": ["{{baseUrl}}"],
              "path": ["api", "transactions"],
              "query": [
                {
                  "key": "type",
                  "value": "DEBIT"
                }
              ]
            }
          }
        }
      ]
    },
    {
      "name": "Badges",
      "item": [
        {
          "name": "Get User Badges",
          "request": {
            "method": "GET",
            "header": [
              {
                "key": "Authorization",
                "value": "Bearer {{token}}"
              }
            ],
            "url": {
              "raw": "{{baseUrl}}/api/badges",
              "host": ["{{baseUrl}}"],
              "path": ["api", "badges"]
            }
          }
        }
      ]
    }
  ],
  "variable": [
    {
      "key": "baseUrl",
      "value": "http://localhost:8080",
      "type": "string"
    },
    {
      "key": "token",
      "value": "",
      "type": "string"
    }
  ]
}